{"epochs": 10, "batches": 32, "learning_rate": 0.0001, "save_fig": true, "accuracy": 0.9745, "precision": 0.9745091795921326, "recall": 0.9743278622627258}